Company Name,E-Mail,Phone Number,Website,Direct book,Categories,Locations
A. Gary Anderson Graduate School of Management,,,http://agsm.ucr.edu/,No,A. Gary Ander,Riverside | Riverside
California State University East Bay,,,http://www20.csueastbay.edu,No,California St,Hayward | 25800 Carlos Bee Blvd VBT 129Hayward California 94542United States
CareerFoundry,,,,No,CareerFoundry,Berlin | Germany
California State University Long Beach,,,http://www.csulb.edu/colleges/cba/,No,California St,Long Beach | 1250 Bellflower Blvd.Long Beach California 90840United States
Carey Business School,,,http://carey.jhu.edu/,No,Carey Busines,Baltimore | Baltimore
Cameron School of Business,,,http://www.csb.uncw.edu/,No,Cameron Schoo,Wilmington | Wilmington
Bryan School of Business and Economics,,,http://bae.uncg.edu/,No,Bryan School,Greensboro | Greensboro
Bryant University College of Business,,,http://www.bryant.edu/academics/colleges/college-of-business/,No,Bryant Univer,Smithfield | 1150 Douglas PikeSmithfield Rhode Island 02917United States
Business Administration Department,,,http://www.mia.albizu.edu/web/academic_programs/school_of_business.asp,No,Business Admi,Miami | Miami
Brandeis International Business School,,,,No,Brandeis Inte,Waltham | Waltham
Bowling Green State University College of Business,,,http://www.business.bgsu.edu/,No,Bowling Green,Bowling Green | Bowling Green | Bowling Green
Boston University School of Management,,,http://www.management.bu.edu,No,Boston Univer,Boston | Boston
BMGI - Problem Solved,,,http://www.bmgi.com,No,BMGI - Proble,Denver | Tabor Center 1200 17Th Street Suite 180 (Ground Floor)Denver Colorado 80202United States
Canvas Network,,,https://www.canvas.net/,No,Canvas Network,SLC UT United States | SLC UT United States | SLC UT United States
Biola University Crowell School of Business,,,http://crowell.biola.edu/,No,Biola Univers,La Mirada | La Mirada
Yale School of Management,,,http://mba.yale.edu/index.shtml,No,Yale School o,New Haven | New Haven
Wright State University,,,http://www.wright.edu/,No,Wright State,Dayton | 133 Allyn Hall 3640 Colonel Glenn HighwayDayton Ohio 45435United States
WPI School Of Business,,,http://www.wpi.edu,No,WPI School Of,Worcester | 100 Institute RoadWorcester Massachusetts 01609United States
Carl H. Lindner College of Business,,,http://business.uc.edu/,No,Carl H. Lindn,Cincinnati | Hyatt Regency Denver At Colorado Convention Center 650 Fifteenth StreetDenver Colorado 80202United States
Zicklin School of Business,,,http://zicklin.baruch.cuny.edu/,No,Zicklin Schoo,NY | Weissman Center for International Business One Bernard Baruch Way Box J-0810New York New York 10010United States
W. P. Carey School,,,http://wpcarey.asu.edu/,No,W. P. Carey S,Tempe | 7171 E. Sonoran Arroyo MallMesa Arizona 85212United States
Wisconsin School of Business,,,http://bus.wisc.edu/,No,Wisconsin Sch,Madison | 601 University AveMadison Wisconsin 53715United States
WHU - Otto Beisheim School of Management,,,,No,WHU - Otto Be,Vallendar Germany | Burgplatz 2Vallendar 56179Germany | Vallendar Germany | Vallendar Germany
Williams College of Business,,,http://www.xavier.edu/williams/,No,Williams Coll,Cincinnati | 3800 Victory ParkwayCincinnati Ohio 45207United States
Widener University School of Business Administration,,,http://www.widener.edu,No,Widener Unive,Chester | Schwartz Center One University PlaceChester Pennsylvania 19013United States
Woodbury University,,,http://woodbury.edu/,No,Woodbury Univ,Burbank | 7500 Glenoaks BoulevardBurbank California 91504United States
West Texas A&M University College of Business,,(806) 651-4403(806) 651-4409,http://www.wtamu.edu/academics/general-business-grad-program.aspx,No,West Texas A&amp;,Canyon | WTAMU Box 60049Canyon Texas 79016United States
Whittemore School of Business and Economics University of New Hampshire,,,http://www.paulcollege.unh.edu,No,Whittemore Sc,Durham | Durham
Western New England University College of Business,,,http://www1.wne.edu,No,Western New E,Springfield | Springfield
Wharton School University of Pennsylvania,,,http://www.wharton.upenn.edu,No,Wharton Schoo,Philadelphia | Philadelphia
W. Fielding Rubel School of Business Bellarmine University,,,http://www.bellarmine.edu,No,W. Fielding R,Louisville | 2001 Newburg RoadLouisville Kentucky 40205United States
West Virginia University College of Business and Economics,,,http://www.be.wvu.edu/,No,West Virginia,Morgantown | Morgantown
Washington State University College of Business,,,http://www.business.wsu.edu/,No,Washington St,WA 99164-4750 | WA 99164-4750
Weatherhead School of Management,,,http://weatherhead.case.edu/,No,Weatherhead S,Cleveland | 11119 Bellflower RdCleveland Ohio 44106United States
Warsaw University of Technology Business School,,,http://www.business.edu.pl/,No,Warsaw Univer,Warsaw | Warsaw
Washburn University,,,http://www.washburn.edu,No,Washburn Univ,Topeka | 1700 SW CollegeTopeka Kansas 66621United States
VCU School of Business,,,http://business.vcu.edu,No,VCU School of,Richmond | Richmond
Villanova School of Business Villanova University,,,http://www.villanova.edu,No,Villanova Sch,Villanova | Jake Nevin Field House 800 Lancaster AvenueVillanova Pennsylvania 19085United States
W. A. Franke College of Business Northern Arizona University,,,http://www.franke.nau.edu/,No,W. A. Franke,Flagstaff | Flagstaff
Binghamton University School of Management,,,http://www.binghamton.edu,No,Binghamton Un,Binghamton | 2200 Vestal RdVestal New York 13850United States
West Texas A&M University College of Business,,(806) 651-4403(806) 651-4409,http://www.wtamu.edu/academics/general-business-grad-program.aspx,No,West Texas A&amp;,Canyon | WTAMU Box 60049Canyon Texas 79016United States
Wayne State University School of Business Administration,,,http://business.wayne.edu/,No,Wayne State U,Detroit | Detroit
Warrington College of Business Administration University of Florida,,,http://www.warrington.ufl.edu/,No,Warrington Co,Gainesville | Gainesville
Valparaiso University College of Business,,,http://www.valpo.edu/cba/,No,Valparaiso Un,Valparaiso | 1700 Chapel DriveValparaiso Indiana 46383United States
UNT College of Business,,,http://www.cob.unt.edu/,No,UNT College o,Denton | 1307 W. Highland - BLB Suite # 215Denton Texas 76201United States
University of Virginia Darden School of Business,,,http://www.darden.virginia.edu/web/Home/,No,University of,Charlottesville | Charlottesville
University of Wyoming College of Business,,,http://www.uwyo.edu/business/,No,University of,Laramie | 1000 E. University Ave.  Dept. 3414Laramie Wyoming 82071United States
University of Tulsa Collins College of Business,,,http://www.utulsa.edu/academics/colleges/collins-college-of-business.aspx,No,University of,Tulsa | 800 Tucker Drive Collins Hall #2170Tulsa Oklahoma 74104United States
University of Texas-Pan American College of Business Administration,,,http://portal.utpa.edu/utpa_main/daa_home/coba_new_home,No,University of,Edinburg | Edinburg
University of Texas College of Business Administration,,,http://business.utep.edu/,No,University of,El Paso | El Paso
University of Texas at Arlington College of Business,,,http://www.uta.edu/business/,No,University of,Arlington | 202 E. Border St. Suite 319Arlington Texas 76019United States
Unversity of Vermont School of Business Administration,,,http://www.uvm.edu,No,Unversity of,Burlington | 111 Colchester AveBurlington Vermont 05401United States
University of Tennessee at Chattanooga College of Business,,,http://www.utc.edu/Academic/Business/,No,University of,Chattanooga | 615 McCallie AvenueChattanooga Tennessee 37403United States
University of Toledo College of Business and Innovation,,,http://www.utoledo.edu/business/,No,University of,Toledo | 2801 W. BancroftToledo Ohio 43606United States
University of South Florida St. Petersburg College of Business,,,,No,University of,St Petersburg
University of South Florida College of Business,,,http://business.usf.edu/,No,University of,Tampa | Tampa
University of Tennessee College of Business Administration,,,http://bus.utk.edu/cba/,No,University of,Knoxville | Knoxville
University of San Francisco School of Business and Management,,,http://www.usfca.edu,No,University of,San Francisco | 2130 Fulton StreetSan Francisco California 94117United States
University of Rhode Island College of Business Administration,,,http://www.cba.uri.edu/,No,University of,Kingston | Kingston
University of Southern Mississippi College of Business,,,http://www.usm.edu/gulfcoast/business,No,University of,Long Beach | 118 College Dr # 5035Hattiesburg Mississippi 39406United States
University of South Dakota,,,http://www.usd.edu,No,University of,Vermillion | 414 East Clark StreetVermillion South Dakota 57069United States
University of San Diego School of Business Administration,,,http://www.sandiego.edu,No,University of,San Diego | 5998 Alcala ParkSan Diego California 92110United States
University of Portland Pamplin School of Business,,,http://business.up.edu/,No,University of,Portland | Portland
University of Otago,,,http://www.otago.ac.nz/,No,University of,North Dunedin New Zealand | North Dunedin New Zealand | North Dunedin New Zealand
University of Richmond Robins School of Business,,,http://robins.richmond.edu/,No,University of,Richmond | Richmond
University of North Dakota College of Business and Public Administration,,,http://business.und.edu/,No,University of,Grand Forks | 293 Centennial Drive Stop 8098 Gamble Hall Room 120Grand Forks North Dakota 58202United States
University of Nevada College of Business,,,http://www.unr.edu/business/,No,University of,Reno | 1664 North Virginia St.Reno Nevada 89557United States
University of Montana School of Business Administration,,,http://www.umt.edu,No,University of,Missoula | 32 Campus DriveMissoula Montana 59812United States
University of Mississippi School of Business Administration University of Mississippi,,,http://www.olemissbusiness.com,No,University of,Ofxord | 320 Holman HallUniversity Mississippi 38677United States
University of New Orleans College of Business Administration,,,http://www.uno.edu/coba/index.aspx,No,University of,New Orleans | 2000 Lake Shore DriveNew Orleans Louisiana 70148United States | New Orleans | New Orleans
University of Miami School of Business Administration,,,http://www.bus.miami.edu/,No,University of,Coral Gables | Coral Gables
University of Mary Washington College of Business,,,http://business.umw.edu,No,University of,Fredericksburg | Fredericksburg
University of Massachusetts Dartmouth Charlton College of Business,,(508) 999-8000(508) 910-6918,http://www.umassd.edu/charlton/,No,University of,North Dartmouth | 285 Old Westport Rd.N. Dartmouth Massachusetts 02747United States
University of Idaho College of Business and Economics,,,http://www.uidaho.edu/cbe,No,University of,Moscow | 875 Perimeter DriveMoscow Idaho 83844United States
University of Louisville College of Business,,,http://business.louisville.edu/,No,University of,Louisville | Louisville
University of Dubuque,,,http://www.dbq.edu,No,University of,Dubuque | 2000 University AvenueDubuque Iowa 52001United States
University of Detroit Mercy College of Business Administration,,,http://business.udmercy.edu/index.htm,No,University of,Detroit | Detroit
University of Houston-Clear Lake,,,http://prtl.uhcl.edu,No,University of,Houston | Houston
University of Dallas College of Business,,,http://www.udallas.edu/cob/,No,University of,Irving | 1845 E NorthgateIrving Texas 75062United States
University of Illinois Urbana-Champaign College of Business,,,http://www1.business.illinois.edu/,No,University of,Champaign | Champaign
University of Dayton School of Business Administration,,,http://www.udayton.edu,No,University of,Dayton | 300 College ParkDayton Ohio 45469United States
University of Central Florida College of Business Administration,,,http://www.bus.ucf.edu/,No,University of,Orlando
University of Amsterdam,,,http://www.uva.nl/en/home,No,University of,Amsterdam | Spui 21Amsterdam 1012 WXNetherlands
University of Houston School of Continuing & Professional Studies,,,http://www.gatlineducation.com/houston_univ/index.htm,No,University of,Temecula CA United States | 109 East 3Rd Street  Suite 350Fort Worth Texas 76102United States | Temecula CA United States | Temecula CA United States
University of Akron College of Business Administration,,,http://www.uakron.edu/cba/cba-home/index.dot,No,University of,Akron | 373 Carroll St.Akron Ohio 44325United States
University at Buffalo The State University of New York School of Management,,,http://www.mgt.buffalo.edu,No,University at,Buffalo
University of Cambridge Institute of Continuing Education,,,,No,University of | Archaeology | European Archaeology | Writing | Travel Writing | Paleography,Cambridge United Kingdom | You study this on your computer | You study this on your computer | Cambridge CB23 8AQ
Universita de Pisa Business School,,,http://www.unipi.it/index.php/english,No,Universita de,Pisa Italy
US Small Business Administration,,,http://www.sba.gov,No,US Small Busi,Washington | 409 Third St. S.W.Washington District of Columbia 20416United States
Universidad Carlos III de Madrid,,,http://www.uc3m.es/mba,No,Universidad C,Getafe | C/ Madrid 126Getafe Madrid 28903Spain
UHD College of Business,,,http://www.uhd.edu/academic/colleges/business/,No,UHD College o,Houston | Houston
UHV School of Business Administration,,,http://www.uhv.edu,No,UHV School of,Victoria | Victoria
UCONN School of Business,,,http://uconn.edu/,No,UCONN School,Storrs | 263 Farmington AvenueFarmington Connecticut 06030United States
Udacity,,,https://www.udacity.com/,No,Udacity,Palo Alto CA United States | 2465 Latham StMountain View California 94040United States | Palo Alto CA United States | Palo Alto CA United States
University of Business and Technology,,,http://www.mba-cba.edu.sa,No,University of,Jeddah | Jeddah
UCLA Anderson School of Management University of California Los Angeles,,,http://www.anderson.ucla.edu,No,UCLA Anderson,Los Angeles | 8140 E County Line RdRogersville Missouri 65742United States
UCLA Summer Sessions Online Courses,,,http://www.online.ucla.edu/,No,UCLA Summer S,
UAB School of Business,,,http://www.uab.edu,No,UAB School of,Birmingham | 150 Hill University Center   1400 University BoulevardBirmingham Alabama 35294United States
Trulaske College of Business University of Missouri,,,http://www.business.missouri.edu/,No,Trulaske Coll,Columbia | Columbia
UC Irvine OpenCourseWare,,,http://ocw.uci.edu/courses/index.aspx,No,UC Irvine Ope,Irvine CA United States | Irvine CA United States | Irvine CA United States
Treehouse,,,http://teamtreehouse.com/,No,Treehouse,622 E Washington Street Suite 240Orlando Florida 32801United States
UC Davis Graduate School of Management,,,http://gsm.ucdavis.edu/,No,UC Davis Grad,Davis | Davis
UC Berkeley Extension,,,http://extension.berkeley.edu/,No,UC Berkeley E,Berkeley CA United States | Berkeley CA United States | Berkeley CA United States
Touro Graduate School of Business,,,http://legacy.touro.edu/gsb/,No,Touro Graduat,New York | New York
The University of Tennessee Martin,,(731) 881-7000(731) 881-7029,http://www.utm.edu/departments/mba/,No,The Universit,Martin Tennessee USA | 544 University StreetMartin Tennessee 38238United States
The University of Chicago Booth School of Business,,,http://www.chicagobooth.edu/,No,The Universit,Chicago | 5000 W. Roosevelt Road.Chicago Illinois 60644United States
The University of Texas at El Paso College of Business Administration,,,http://www.mba.utep.edu,No,The Universit,El Paso
TIAS School for Business and Society,,,http://www.tias.edu,No,TIAS School f,Tilburg | Tilburg
Thunderbird School of Global Management,,,http://www.thunderbird.edu/,No,Thunderbird S,Glendale | 1 Global PlaceGlendale Arizona 85306United States
The Peter J. Tobin College of Business St. John's University,,,http://www.stjohns.edu,No,The Peter J.,Queens | 8000 Utopia ParkwayQueens New York 11439United States
The Manning School of Business University of Massachusetts Lowell,,,http://www.uml.edu,No,The Manning S,Lowell | One University AvenueLowell Massachusetts 01854United States
The Cyprus Institute of Marketing,,,http://www.cima.ac.cy/,No,The Cyprus In,Nicosia | Nicosia
The James F. Dicke College of Business Administration,,,http://www.onu.edu/academics/college_business_administration,No,The James F.,Ada | 525 S. Main St.Ada Ohio 45810United States
The Open University,,,http://www.openuniversity.edu/,No,The Open Univ,Milton Keynes | Milton Keynes
The Belk College of Business,,,,No,The Belk Coll,Charlotte | 9201 University City Blvd.Charlotte North Carolina 28223United States
The Joseph A. Butt S.J. College of Business Loyola University New Orleans,,,http://www.business.loyno.edu/,No,The Joseph A.,New Orleans
The Lisbon MBA International,,,http://www.TheLisbonMBA.com,No,The Lisbon MB,Lisboa | 50 Memorial DriveCambridge Massachusetts 02142United States
Texas Wesleyan University School of Business Administration,,,http://www.txwes.edu/,No,Texas Wesleya,Fort Worth | 1201 Wesleyan St.Fort Worth Texas 76105United States
Terry College of Business University of Georgia,,,http://www.terry.uga.edu,No,Terry College,Athens | 3475 Lenox Road NE  Room 306Atlanta Georgia 30326United States
Suffolk University,,,http://www.suffolk.edu,No,Suffolk Unive,Boston | 120 Tremont StreetBoston Massachusetts 02108United States
The DeVille School of Business Walsh University,,,http://www.walsh.edu/campus-map-directions,No,The DeVille S,North Canton | 2020 East Maple StreetNorth Canton Ohio 44720United States
State University Of New York Institute of Technology at Utica/Rome (SUNYIT),,,http://www.sunyit.edu,No,State Univers,Utica | 100 Seymour RoadUtica New York 13502United States
Stern School of Business New York University,,,http:///www.stern.nyu.edu,No,Stern School,New York | New York
Stillman School of Business Seton Hall University,,,http://www.shu.edu/academics/business/,No,Stillman Scho,South Orange | 400 South Orange AvenueSouth Orange New Jersey 07079United States
Stuart School of Business Illinois Institute of Technology,,,http://www.stuart.iit.edu,No,Stuart School,Chicago | Chicago
Stanford Graduate School of Business,,,http://www.gsb.stanford.edu/,No,Stanford Grad,Stanford | Stanford
Spears School of Business,,,http://spears.okstate.edu/,No,Spears School,Stillwater | 201L Business BuildingStillwater Oklahoma 74078United States
Southern University College of Business,,,http://www.subr.edu/index.cfm/page/116,No,Southern Univ,Baton Rouge | 6400 Press DriveNew Orleans Louisiana 70126United States
SMU Cox School of Business,,,http://www.cox.smu.edu/web/guest/home;jsessionid=25992EA40C33F831EC4CDBB5442BEA65,No,SMU Cox Schoo,Dallas | 200 Fincher Building 6212 Fincher Blvd.Dallas Texas 75275United States
Stanford Online,,,http://online.stanford.edu/,No,Stanford Online,Stanford California United States | Stanford California United States | Stanford California United States
Stanford University Open Classroom,,,http://openclassroom.stanford.edu/,No,Stanford Univ,Stanford CA United States | Stanford CA United States | Stanford CA United States
Smeal College of Business Penn State University,,,http://www.smeal.psu.edu,No,Smeal College,University Park | 801 Business Administration BuildingUniversity Park Pennsylvania 16802United States
SIUE School of Business,,,http://www.siue.edu,No,SIUE School o,Edwardsville | Edwardsville
Simon Graduate School of Business,,,http://www.simon.rochester.edu/index.aspx,No,Simon Graduat,Rochester | 304 Schlegel HallRochester New York 14627United States
Shidler College of Business University of Hawaii at Manoa,,,http://www.shidler.hawaii.edu/,No,Shidler Colle,Honolulu | 2404 Maile Way #E402Honolulu Hawaii 96822United States
Sellinger School of Business and Management Loyola University Maryland,,,http://www.loyola.edu/sellinger.aspx,No,Sellinger Sch,Baltimore | WBB Camp 4501 North Charles StreetBaltimore Maryland 21210United States
Southern Illinois University College of Business,,,http://www.business.siu.edu/,No,Southern Illi,Carbondale | Carbondale
School of Management New Jersey Institute of Technology,,,http://www.management.njit.edu/,No,School of Man,Newark | Newark
Seidman College of Business Grand Valley State University,,,http://www.gvsu.edu/business/,No,Seidman Colle,Grand Rapids | 1 Campus Dr. FH 97Allendale Michigan 49401United States
Silberman College of Business Fairleigh Dickinson University,,,http://www.fduinfo.com,No,Silberman Col,Madison | Madison
School of Business Clayton State University,,,http://www.clayton.edu,No,School of Bus,Morrow | 2000 Clayton State Blvd.Morrow Georgia 30260United States
Skillfeed,,,https://www.skillfeed.com/,No,Skillfeed,
San Francisco State University College of Business,,,http://cob.sfsu.edu/,No,San Francisco,San Francisco | San Francisco
San Diego State University's College of Business Administration,,,http://cbaweb.sdsu.edu/,No,San Diego Sta,San Diego | San Diego
Saint Peter's University School of Business Administration,,,http://www.saintpeters.edu,No,Saint Peter&#x27;s,Jersey City | Jersey City
Samuel Curtis Johnson Graduate School of Management,,,http://www.johnson.cornell.edu/,No,Samuel Curtis,Ithaca | Ithaca
Sam M. Walton College of Business,,,http://waltoncollege.uark.edu/,No,Sam M. Walton,Fayetteville | 301 Business BuildingFayetteville Arkansas 72701United States
Rutgers Business School-Newark and New Brunswick,,,http://business.rutgers.edu,No,Rutgers Busin,Piscataway | 991 One Washington ParkNewark New JerseyUnited States
Ross School of Business,,,http://www.bus.umich.edu/,No,Ross School o,Ann Arbor | 701 Tappan St.Ann Arbor Michigan 48109United States
Rotterdam School of Management Erasmus University (RSM),,,http://www.rsm.nl/execed
http://www.rsm.nl/mcc,No,Rotterdam Sch,Rotterdam
Robert H. Smith School of Business,,,http://www.rhsmith.umd.edu,No,Robert H. Smi,College Park | 2416 Van Munching HallCollege Park Maryland 20742United States
Robert Morris School of Business Administration,,,http://www.robertmorris.edu,No,Robert Morris,Chicago | 401 S. State StreetChicago Illinois 60605United States
saylor.org,,,http://www.saylor.org,No,saylor.org,Washington | 1000 Wisconsin Avenue NW Suite 220Washington DC District of Columbia 20007United States | Washington | Washington
Robert B. Willumstad School of Business,,,http://business.adelphi.edu,No,Robert B. Wil,Garden City | Garden City
Robert G. Merrick School of Business,,,http://www.ubalt.edu,No,Robert G. Mer,Baltimore | 1420 N. Charles StreetBaltimore Maryland 21201United States
Rawls College of Business,,,http://imba.ba.ttu.edu/,No,Rawls College,Lubbock | Lubbock
Richard T. Farmer School of Business,,,http://www.fsb.miamioh.edu,No,Richard T. Fa,Oxford | Oxford
Rady School of Management,,,http://rady.ucsd.edu,No,Rady School o,La Jolla | 9500 Gilman Dr. MC 0093La Jolla California 92093United States
Skillshare,,,http://www.skillshare.com/,No,Skillshare,407 Broome St.New York New York 10013United States
PSG Institute of Management,,,http://psgim.ac.in/,No,PSG Institute,Tamil Nadu India | PB NO. 1668 PeelameduCoimbatore Tamil Nadu 641004India | Tamil Nadu India | Tamil Nadu India
Porto Business School,,,http://www.pbs.up.pt/?page_id=837,No,Porto Busines,Porto PORTUGAL | Avenida Fabril do Norte425 Senhora da HoraPorto Matosinhos 4460-312Portugal | Porto PORTUGAL | Porto PORTUGAL
Richard T. Doermer School of Business and Management Sciences,,,http://new.ipfw.edu/,No,Richard T. Do,Fort Wayne | Fort Wayne
Portland State University School of Business Administration,,,http://www.mba.pdx.edu,No,Portland Stat,Oregon Portland
Philadelphia University School of Business Administration,,,http://www.philau.edu,No,Philadelphia,Philadelphia | 4201 Henry AvenuePhiladelphia Pennsylvania 19144United States
Udemy,,,https://www.udemy.com/,No,Udemy,San Francisco CA | 425 Second Street Suite 250San Francisco California 94107United States | San Francisco CA | San Francisco CA
Projectmanagement-training.nl,,,,No,Projectmanage,Amsterdam | Amsterdam
Penn State Behrend College,,,https://psbehrend.psu.edu,No,Penn State Be,Erie | Erie
Peking University Guanghua School of Management,,,http://mba.pku.edu.cn/english,No,Peking Univer,Beijing
Pamplin College of Business,,,http://www.pamplin.vt.edu,No,Pamplin Colle,Blacksburg | Blacksburg
Paul Merage School of Business,,,http://merage.uci.edu,No,Paul Merage S,Irvine | 200 SB2 Building 221Irvine California 92697United States
Professional Development Training USA / pdtraining,,,,No,Professional,Addison | Addison
Peter F. Drucker and Masatoshi Ito Graduate School of Management,,,http://www.cgu.edu,No,Peter F. Druc,Claremont | 101 S. Mills AveClaremont California 91711United States
Othman Yeop Abdullah Graduate School of Business,,,http://www.oyagsb.uum.edu.my/,No,Othman Yeop A,Kedah Malaysia | Kedah Malaysia | Kedah Malaysia
Owen Graduate School of Management,,,http://www.owen.vanderbilt.edu/vanderbilt/,No,Owen Graduate,Nashville | Nashville
Palumbo Donahue School of Business,,,http://www.duq.edu/academics/schools/business#/1,No,Palumbo Donah,Pittsburgh | A.J. Palumbo Center 600 Forbes AvenuePittsburgh Pennsylvania 15282United States
Pacific Lutheran University,,,http://www.plu.edu,No,Pacific Luthe,Tacoma | 12180 Park Ave STacoma Washington 98447United States
Oregon State University College of Business,,,http://business.oregonstate.edu/,No,Oregon State,Corvallis | Corvallis
Orfalea College of Business,,,http://www.cob.calpoly.edu/,No,Orfalea Colle,San Luis Obispo | 1 Grand AvenueSan Luis Obispo California 93407United States
P2PU,,,https://www.p2pu.org,No,P2PU,BarcelonaSpain
Oral Roberts University,,,http://www.oru.edu,No,Oral Roberts,Tulsa | 7777 South Lewis AvenueTulsa Oklahoma 74171United States
Olin Business School,,,http://www.olin.wustl.edu/Pages/default.aspx,No,Olin Business,Saint Louis | One Brookings Drive Campus Box 1133Saint Louis Missouri 63130United States
Old Dominion University College of Business and Public Administration,,,http://bpa.odu.edu/,No,Old Dominion,Norfolk | Norfolk
Opus College of Business,,,http://www.stthomas.edu/business/,No,Opus College,Minneapolis | TMH 166 1000 Lasalle AvenueMinneapolis Minnesota 55403United States
Open Yale Courses,,,http://oyc.yale.edu/,No,Open Yale Cou,Connecticut | Connecticut
Ohio University College of Business,,,http://aspnet.cob.ohio.edu/isms/cob.aspx,No,Ohio Universi,Athens | Athens
One Month Rails,,,https://onemonthrails.com,No,One Month Rails,
OnlineITcourses.com,,,http://www.onlineitcourses.com,No,OnlineITcours,6803 EC | 6803 EC
NUS Business School,,,http://bschool.nus.edu/,No,NUS Business,Singapore | Mochtar Riady BuildingSingapore 119245Singapore
Oakland University School of Business Administration,,,http://www.oakland.edu/,No,Oakland Unive,Rochester | Oakland Center 2200 N. Squirrel RoadRochester Michigan 48309United States
Northern Kentucky University College of Business,,,http://cob.nku.edu/,No,Northern Kent,Highland Heights | Highland Heights
NPTEL,,,http://nptel.iitm.ac.in/courses.php?disciplineId=101,No,NPTEL,
Northern Michigan University College of Business,,(906) 227-1000(906) 227-1396,http://www.nmu.edu/mba,No,Northern Mich,Marquette MI | 1401 Presque Isle AvenueMarquette Michigan 49885United States
OEM Office Elearning Menu,,,http://www.officeelearningmenu.co.uk,No,OEM Office El,London | London
NYU School of Continuing and Professional Studies,,,http://www.scps.nyu.edu/,No,NYU School of,NY NY United States | 2001 Newburg Rd.Louisville Kentucky 40205United States | NY NY United States | NY NY United States
Northeastern Illinois University College of Business and Management,,,http://www.neiu.edu/Academics/College%20of%20Business_Management/College_of_Business_%26_Management.html,No,Northeastern,Chicago | 5500 N St Louis AveChicago Illinois 60625United States
North Carolina State University Poole College of Management,,,http://poole.ncsu.edu/,No,North Carolin,Raleigh | Raleigh
North Carolina Central University,,,http://www.nccu.edu,No,North Carolin,St. Durham | 1801 Fayetteville StreetDurham North Carolina 27707United States
Northern Illinois University College of Business,,,http://www.cob.niu.edu,No,Northern Illi,DeKalb | DeKalb
Naveen Jindal School of Management,,,http://jindal.utdallas.edu/,No,Naveen Jindal,Richardson | Richardson
Moore School of Business,,,http://mooreschool.sc.edu/,No,Moore School,Columbia | 1705 College StreetColumbia South Carolina 29208United States
New York Institute of Technology School of Management,,,http://www.nyit.edu,No,New York Inst,New York | Northern Blvd. 268 Wheatly Road (Mail)Old Westbury New York 11568United States
Neeley School of Business,,,http://www.neeley.tcu.edu/,No,Neeley School,Fort Worth | 2900 Lubbock Street  Suite 309Fort Worth Texas 76109United States
Monte Ahuja College of Business,,,http://www.csuohio.edu/business/,No,Monte Ahuja C,Cleveland | 2121 Euclid Ave KB 1409Cleveland Ohio 44115United States
Montclair State University,,,http://www.montclair.edu,No,Montclair Sta,Montclair | One Normal AvenueMontclair New Jersey 07043United States
MIT Sloan School of Management,,,http://mitsloan.mit.edu/,No,MIT Sloan Sch,Cambridge | Room E60-100 77 Massachusetts Ave.Cambridge Massachusetts 02139United States
Missouri State University College of Business,,,http://business.missouristate.edu/default.htm,No,Missouri Stat,Springfield | Springfield
Mitchell College of Business,,,http://www.southalabama.edu/mcob/,No,Mitchell Coll,Mobile | West Tower (Long-Term Care Hospital) 3Rd. Floor Conference Room B 5600 Girby RoadMobile Alabama 36693United States
Mississippi University for Women College of Business and Professional Studies,,,http://web2.muw.edu/index.php/business/,No,Mississippi U,Columbus | Columbus
Mihaylo College of Business and Economics California State University,,,http://www.business.fullerton.edu/,No,Mihaylo Colle,
Millsaps College Else School of Management,,,http://www.mba.millsaps.edu/,No,Millsaps Coll,Jackson
Mississippi State University College of Business,,,http://business.msstate.edu/,No,Mississippi S,Starkville | Starkville
MIB School of Management,,,http://www.mib.edu/mba,No,MIB School of,Trieste Italy | Trieste Italy | Trieste Italy
Michael G. Foster School of Business,,,http://www.foster.washington.edu/Pages/home.aspx,No,Michael G. Fo,Seattle | Seattle
Michael F. Price College of Business,,,http://www.ou.edu/price,No,Michael F. Pr,Norman | 660 Parrington OvalNorman Oklahoma 73019United States
McCombs School of Business,,,http://www.mccombs.utexas.edu/,No,McCombs Schoo,Austin | Austin
Mendoza College of Business,,,http://business.nd.edu/,No,Mendoza Colle,Notre Dame | Notre Dame
Meinders School of Business,,,http://msb.okcu.edu/,No,Meinders Scho,Oklahoma City | Oklahoma City
McDonough School of Business,,,http://msb.georgetown.edu/,No,McDonough Sch,Northwest Washington | Northwest Washington
McCallum Graduate School of Business,,,http://www.bentley.edu/graduate,No,McCallum Grad,Waltham | 175 Forest StreetWaltham Massachusetts 02452United States
MBA@UNC,,,http://onlinemba.unc.edu.,No,MBA@UNC,Chapel Hill | Chapel Hill
Mays Business School,,,http://mays.tamu.edu/,No,Mays Business,College Station | 440 WehnerCollege Station Texas 77843United States
Massey Graduate School of Business Belmont University,,,http://www.belmont.edu,No,Massey Gradua,Nashville | 1900 Belmont Blvd.Nashville Tennessee 37212United States
Martin V. Smith School of Business & Economics,,,http://business.csuci.edu/,No,Martin V. Smi,Camarillo | Camarillo
Mason School of Business,,,http://mason.wm.edu/,No,Mason School,Williamsburg | Tyler Hall Room 107Williamsburg Virginia 23187United States
Martha and Spencer Love School of Business,,,http://www.elon.edu/e-web/academics/business/,No,Martha and Sp,Elon | Campus Box 2700Elon North Carolina 27244United States
Martin J. Whitman School of Management,,,http://whitman.syr.edu/,No,Martin J. Whi,Syracuse | 721 University Avenue  Suite 415Syracuse New York 13244United States
Marriott School of Management,,,http://marriottschool.byu.edu/,No,Marriott Scho,Provo | Provo
Manderson Graduate School of Business,,,http://manderson.cba.ua.edu,No,Manderson Gra,Tuscaloosa | Tuscaloosa
Marshall School of Business,,,http://www.marshall.usc.edu/,No,Marshall Scho,Los Angeles | Los Angeles
Marquette University College of Business Administration,,,http://business.marquette.edu/,No,Marquette Uni,Milwaukee | Milwaukee
Marshall Goldsmith School of Management,,,http://www.alliant.edu/asm/index.php,No,Marshall Gold,San Diego | One Beach St.San Francisco California 94133United States
Maine Business School,,,http://umaine.edu/business/,No,Maine Busines,Orono | 16 Central StreetBangor Maine 04401United States
Maastricht University School of Business and Economics,,,http://www.maastrichtuniversity.nl/web/Faculties/SBE/TargetGroup/Education/Professionals/MBAProgrammes.htm,No,Maastricht Un,Maastricht the Netherlands
Maharishi University of Management Department of Business Administration,,,http://www.mum.edu/business,No,Maharishi Uni,Fairfield | 1000 North 4Th StreetFairfield Iowa 52557United States
Lutgert College of Business,,,http://www.fgcu.edu/cob/,No,Lutgert Colle,Fort Myers | 10501 FGCU Blvd. SouthFort Myers Florida 33965United States
Lundy-Fetterman School of Business,,,http://www.campbell.edu/business/,No,Lundy-Fetterm,Buies Creek | 56 Main StreetBuies Creek North Carolina 27506United States
Lynchburg College School of Business and Economics,,,http://www.lynchburg.edu,No,Lynchburg Col,Lynchburg | 1501 Lakeside DriveLynchburg Virginia 24501United States
Lubin School of Business,,,http://www.pace.edu/lubin/,No,Lubin School,New York | 1 Pace PlazaNew York New York 10038United States
Lumpkin College of Business & Applied Sciences,,,http://www.eiu.edu/lumpkin/,No,Lumpkin Colle,Charleston | 600 Lincoln Ave.Charleston Illinois 61920United States
Loyola University Chicago Quinlan School of Business,,,http://www.luc.edu/quinlan/,No,Loyola Univer,Chicago | 2160 South 1St AvenueMaywood Illinois 60153United States
SAP Training,,,https://training.sap.com,No,SAP Training,
Louisiana Tech University College of Business,,,http://business.latech.edu/,No,Louisiana Tec,Ruston | Ruston
Long Island University College of Management,,,http://liu.edu/com,No,Long Island U,Brookville | 720 Northern BoulevardBrookville New York 11548United States
Loyola Marymount University College of Business,,,http://cba.lmu.edu/,No,Loyola Marymo,Los Angeles | Los Angeles
Liberty University,,,http://www.liberty.edu,No,Liberty Unive,Lynchburg | 1971 University Blvd.Lynchburg Virginia 24502United States
Liautaud Graduate School Of Business,,,http://business.uic.edu/,No,Liautaud Grad,Chicago | Chicago
Microsoft Learning,,,http://learning.microsoft.com/Manager/Catalog.aspx,No,Microsoft Lea,
Lipscomb University College of Business,,,http://www.lipscomb.edu/business,No,Lipscomb Univ,Nashville | 3901 Granny White PikeNashville Tennessee 37204United States
Lender School of Business,,,http://www.quinnipiac.edu/academics/colleges-schools--departments/school-of-business--engineering/,No,Lender School,Hamden | 275 Mount Carmel AvenueHamden Connecticut 06518United States
George Mason University School of Management,,,http://www.som.gmu.edu/,No,George Mason,Fairfax | Enterprise Hall Suite 008 4400 University DriveFairfax Virginia 22030United States
Florida International University Chapman Graduate School of Business,,,http://imba.fiu.edu,No,Florida Inter,Miami
Fisher College of Business,,,http://fisher.osu.edu/,No,Fisher Colleg,Columbus | Columbus
Fairfield University's Charles F. Dolan School of Business,,,http://www.fairfield.edu/dsb/,No,Fairfield Uni,Fairfield | Athletics 1073 North Benson RoadFairfield Connecticut 06824United States
Fisher Graduate School of International Business,,,http://www.miis.edu/academics/programs/mba,No,Fisher Gradua,Monterey | 460 Pierce StreetMonterey California 93940United States
Florida A&M University School of Business and Industry,,,http://www.famu.edu,No,Florida A&amp;M U,Tallahassee | 1500 South Martin L. King  Jr. Blvd.Tallahassee Florida 32307United States
E-Vision Software,,,http://www.evision-software.com/,No,E-Vision Soft,The Hague The Netherlands | 9595 Six Pines Drive Suite 8210The Woodlands Texas 77380United States | The Hague The Netherlands | The Hague The Netherlands
Euro*MBA,,,http://www2.euromba.org/Default.aspx,No,Euro*MBA,Maastricht The Netherlands | Maastricht The Netherlands
Erivan K. Haub School of Business,,,http://www.sju.edu/int/academics/hsb/,No,Erivan K. Hau,Philadelphia | 5600 City Ave.Philadelphia Pennsylvania 19131United States
Eli Broad College of Business,,,,No,Eli Broad Col,East Lansing | 3535 Forest RoadLansing Michigan 48910United States
E. Philip Saunders College of Business,,,http://saunders.rit.edu/,No,E. Philip Sau,Rochester | 105 Lomb Memorial DriveRochester New York 14623United States
Elizabeth McDowell Lewis College of Business,,,http://muwww-new.marshall.edu/cob/,No,Elizabeth McD,Huntington | Huntington
Eller College of Management,,,http://www.eller.arizona.edu/,No,Eller College,Tucson | Tucson
E. J. Ourso College of Business,,,http://business.lsu.edu/,No,E. J. Ourso C,Baton Rouge | Baton Rouge
Edward S. Ageno School of Business,,,,No,Edward S. Age,San Francisco | San Francisco
Eugene W. Stetson School of Business and Economics,,,http://business.mercer.edu/,No,Eugene W. Ste,Atlanta | Atlanta
Eberhardt School of Business,,,http://www.pacific.edu/Academics/Schools-and-Colleges/Eberhardt-School-of-Business.html,No,Eberhardt Sch,Stockton | 155 Fifth StSan Francisco California 94103United States
edX,,,https://www.edx.org/,No,edX,Cambridge | 141 Portland St 9th FloorCambridge Massachusetts 02139United States
E. Craig Wall Sr. College of Business Administration,,,http://www.coastal.edu/business/,No,E. Craig Wall,Conway | 642 Century CircleConway South Carolina 29526United States
ECU College of Business,,,http://www.ecu.edu/cs-bus/,No,ECU College o,Greenville | 1500 Greenville Centre 2200 S. Charles Blvd.Greenville North Carolina 27858United States
East Tennessee State University College of Business and Technology,,,http://www.etsu.edu/cbat/,No,East Tennesse,Johnson City | 807 University PkwyJohnson City Tennessee 37614United States
Duke University's Fuqua School of Business,,,http://www.fuqua.duke.edu/,No,Duke Universi,Durham | Durham
Drake University College of Business,,,http://www.cbpa.drake.edu,No,Drake Univers,Des Moines | Des Moines
David Eccles School of Business,,,http://www.business.utah.edu/,No,David Eccles,Salt Lake City | 1645 E. Campus Center Drive  Room 401Salt Lake City Utah 84112United States
Eastern Mediterranean University,,,http://www.emu.edu.tr/defaulteng.asp,No,Eastern Medit,Gazimagusa North Cyprus | Gazimagusa North Cyprus | Gazimagusa North Cyprus
Daniels College of Business,,,http://daniels.du.edu/,No,Daniels Colle,Denver | Denver
C. T. Bauer College of Business,,,http://bauer.uh.edu/,No,C. T. Bauer C,Houston | 4800 Calhoun Melcher Hall Room 256Houston Texas 77004United States
Denver's Business School,,,http://www.ucdenver.edu/academics/colleges/business/Pages/business-school.aspx,No,Denver&#x27;s Busi,Denver | 13001 E. 17th Place Campus Box B119Aurora Colorado 80045United States
Creighton University Online,,,http://online.creighton.edu/,No,Creighton Uni,Omaha | Omaha
Crummer Graduate School of Business,,,http://www.rollins.edu/mba/,No,Crummer Gradu,Winter Park | 1000 Holt Ave.   2722Winter Park Florida 32789United States
Creighton University College of Business,,,http://business.creighton.edu/,No,Creighton Uni,Omaha | Omaha
Columbia Business School,,,http://www8.gsb.columbia.edu/,No,Columbia Busi,New York | New York
Consortium Institute of Management and Business Analysis (CIMBA),,,http://www.cimba.it,No,Consortium In,Asolo | 108 PBB Suite C300Iowa City Iowa 52242United States
Corvinus University of Budapest,,,http://corvinus-mba.hu/,No,Corvinus Univ,Budapest | Budapest
Cornell University School of Continuing Education,,,http://www.sce.cornell.edu/,No,Cornell Unive,Ithaca NY United States | Ithaca NY United States | Ithaca NY United States
Colorado State University College of Business,,,http://biz.colostate.edu/,No,Colorado Stat,Fort Collins | 501 West Laurel StreetFort Collins Colorado 80523United States
Clark University Graduate School of Management,,,http://www.clarku.edu/gsom/,No,Clark Univers,Worcester | 950 Main Street  Box B28Worcester Massachusetts 01610United States
Clemson University of Business and Behavioral Science,,,http://www.clemson.edu/cbbs/index.html,No,Clemson Unive,Clemson | 391 College Avenue Suite 402Clemson South Carolina 29634United States
Coles College of Business,,,http://coles.kennesaw.edu/,No,Coles College,Kennesaw | Kennesaw
Dartmouth College Tuck School of Business,,,http://www.tuck.dartmouth.edu,No,Dartmouth Col,Hanover | Hanover
Cloudera University,,,http://www.cloudera.com,No,Cloudera Univ,Palo Alto | 220 Portage AvePalo Alto California 94306United States
Christos M. Cotsakos College of Business,,,http://www.wpunj.edu/ccob,No,Christos M. C,Wayne | 300 Pompton RoadWayne New Jersey 07470United States
City University London Cass Business School,,,,No,City Universi,London
City University of Seattle School of Management,,,http://www.ghc.edu,No,City Universi,Seattle | 1620 Edward P Smith DrAberdeen Washington 98520United States
Coursera,,,https://www.coursera.org/,No,Coursera,Mountain View CA | 381 E. Evelyn AvenueMountain View California 94041United States | Mountain View CA | Mountain View CA
Charles H. Lundquist College of Business,,,http://lcb.uoregon.edu/,No,Charles H. Lu,Eugene | Eugene
Chicago State University College of Business,,,http://www.csu.edu/business/,No,Chicago State,Chicago | 9501 S. King Dr.Chicago Illinois 60628United States
Carroll School of Management,,,http://www.bc.edu/schools/csom/,No,Carroll Schoo,Chestnut Hill | 38 Commonwealth AvenueChestnut Hill Massachusetts 02467United States
Carlson School of Management,,,http://www.csom.umn.edu/,No,Carlson Schoo,Minneapolis | 321 19Th Ave. S.Minneapolis Minnesota 55455United States
Carnegie Mellon University,,,http://oli.cmu.edu/,No,Carnegie Mell,Pittsburgh PA United States | 5000 Forbes Ave.Pittsburgh PennsylvaniaUnited States | Pittsburgh PA United States | Pittsburgh PA United States
Bill Greehey School of Business,,,http://www.stmarytx.edu/business/,No,Bill Greehey,San Antonio | 1 Camino Santa MariaSan Antonio Texas 78228United States
Beacom School of Business,,,http://www.usd.edu/business/,No,Beacom School,Vermillion | Vermillion
Benedictine University College of Business,,,http://www.ben.edu/academic_programs/business/,No,Benedictine U,Lisle | 5700 College RoadLisle Illinois 60532United States
Bellevue University College of Business,,,http://www.bellevue.edu/resources/colleges/business.aspx,No,Bellevue Univ,Bellevue | 1000 Galvin Road SouthBellevue Nebraska 68005United States
Benedictine College School of Business,,,http://www.benedictine.edu/academics/majors-minors/school-business,No,Benedictine C,Atchison | 1020 North Second StreetAtchison Kansas 66002United States
Babcock Graduate School of Management,,,http://business.wfu.edu/,No,Babcock Gradu,Winston-Salem | Winston-Salem
Barry Kaye College of Business,,,http://business.fau.edu/,No,Barry Kaye Co,Boca Raton | Boca Raton
Berklee College of Music,,,http://www.berkleemusic.com/,No,Berklee Colle,Boston MA United States | 855 Boylston StreetBoston Massachusetts 02215United States | Boston MA United States | Boston MA United States
Barney School of Business,,,http://www.hartford.edu/barney/,No,Barney School,West Hartford | 200 Bloomfield AvenueWest Hartford Connecticut 06117United States
Atkinson Graduate School of Management,,,http://www.willamette.edu/mba/,No,Atkinson Grad,Salem | 900 State St.Salem Oregon 97301United States
Azusa Pacific University School of Business and Management,,,http://www.apu.edu,No,Azusa Pacific,Azusa | 901 East Alosta AvenueAzusa California 92821United States
Arcadia University,,,http://www.arcadia.edu/academic/default.aspx?id=4376,No,Arcadia Unive,Glenside | 450 S. Easton RoadGlenside Pennsylvania 19038United States
Athens University of Economics & Business,,,http://www.imba.aueb.gr,No,Athens Univer,Athens | Athens
Angelo State University College of Business,,,http://www.angelo.edu/dept/business/,No,Angelo State,San Angelo | ASU Station 2601 W. Ave. NorthSan Angelo Texas 76909United States
Andreas School of Business,,,,No,Andreas Schoo,Miami Shores | Miami Shores
Ancell School of Business,,,,No,Ancell School,Danbury | Danbury
Alfred Lerner College of Business & Economics,,,http://www.lerner.udel.edu/,No,Alfred Lerner,Newark | Newark
Anderson School of Management,,,http://www.mgt.unm.edu/,No,Anderson Scho,Albuquerque | Albuquerque
Barton School of Business,,,http://www.wichita.edu/thisis/academics/business/,No,Barton School,Wichita | 1845 FairmountWichita Kansas 67260United States
alison,,,http://alison.com,No,alison,Galway | 30 St George StreetMayfair London W1S 2FHUnited Kingdom
Albers School of Business and Economics,,,http://www.seattleu.edu/albers/,No,Albers School,Seattle | 901 12Th AvenueSeattle Washington 98122United States
Air Academy Associates,,,http://airacad.com,No,Air Academy A,Colorado | 1650 Telstar Drive  Suite 110Colorado Springs Colorado 80920United States
West Texas A&M University College of Business,,,http://www.wtamu.edu/academics/general-business-grad-program.aspx,No,West Texas A&amp;,Canyon
University of South Florida St. Petersburg College of Business,,,,No,University of,St Petersburg
University of Massachusetts Dartmouth Charlton College of Business,,,http://www.umassd.edu/charlton/,No,University of,North Dartmouth
University of Central Florida College of Business Administration,,,http://www.bus.ucf.edu/,No,University of,Orlando
Universita de Pisa Business School,,,http://www.unipi.it/index.php/english,No,Universita de,Pisa Italy
University at Buffalo The State University of New York School of Management,,,http://www.mgt.buffalo.edu,No,University at,Buffalo
UCLA Anderson School of Management University of California Los Angeles,,,http://www.anderson.ucla.edu,No,UCLA Anderson,Los Angeles
The University of Tennessee Martin,,,http://www.utm.edu/departments/mba/,No,The Universit,Martin Tennessee USA
The University of Texas at El Paso College of Business Administration,,,http://www.mba.utep.edu,No,The Universit,El Paso
The Joseph A. Butt S.J. College of Business Loyola University New Orleans,,,http://www.business.loyno.edu/,No,The Joseph A.,New Orleans
Rotterdam School of Management Erasmus University (RSM),,,http://www.rsm.nl/execed
http://www.rsm.nl/mcc,No,Rotterdam Sch,Rotterdam
Portland State University School of Business Administration,,,http://www.mba.pdx.edu,No,Portland Stat,Oregon Portland
Peking University Guanghua School of Management,,,http://mba.pku.edu.cn/english,No,Peking Univer,Beijing
Northern Michigan University College of Business,,,http://www.nmu.edu/mba,No,Northern Mich,Marquette MI
Millsaps College Else School of Management,,,http://www.mba.millsaps.edu/,No,Millsaps Coll,Jackson
West Texas A&M University College of Business,,,http://www.wtamu.edu/academics/general-business-grad-program.aspx,No,West Texas A&amp;,Canyon
University of South Florida St. Petersburg College of Business,,,,No,University of,St Petersburg
University of Massachusetts Dartmouth Charlton College of Business,,,http://www.umassd.edu/charlton/,No,University of,North Dartmouth
University of Central Florida College of Business Administration,,,http://www.bus.ucf.edu/,No,University of,Orlando
Universita de Pisa Business School,,,http://www.unipi.it/index.php/english,No,Universita de,Pisa Italy
University at Buffalo The State University of New York School of Management,,,http://www.mgt.buffalo.edu,No,University at,Buffalo
UCLA Anderson School of Management University of California Los Angeles,,,http://www.anderson.ucla.edu,No,UCLA Anderson,Los Angeles
The University of Tennessee Martin,,,http://www.utm.edu/departments/mba/,No,The Universit,Martin Tennessee USA
The Joseph A. Butt S.J. College of Business Loyola University New Orleans,,,http://www.business.loyno.edu/,No,The Joseph A.,New Orleans
The University of Texas at El Paso College of Business Administration,,,http://www.mba.utep.edu,No,The Universit,El Paso
Rotterdam School of Management Erasmus University (RSM),,,http://www.rsm.nl/execed
http://www.rsm.nl/mcc,No,Rotterdam Sch,Rotterdam
Portland State University School of Business Administration,,,http://www.mba.pdx.edu,No,Portland Stat,Oregon Portland
Peking University Guanghua School of Management,,,http://mba.pku.edu.cn/english,No,Peking Univer,Beijing
Northern Michigan University College of Business,,,http://www.nmu.edu/mba,No,Northern Mich,Marquette MI
Millsaps College Else School of Management,,,http://www.mba.millsaps.edu/,No,Millsaps Coll,Jackson
Maastricht University School of Business and Economics,,,http://www.maastrichtuniversity.nl/web/Faculties/SBE/TargetGroup/Education/Professionals/MBAProgrammes.htm,No,Maastricht Un,Maastricht the Netherlands
Leeds School of Business,,,http://leeds.colorado.edu/,No,Leeds School,Boulder | Boulder
LeBow College of Business,,,http://www.lebow.drexel.edu/,No,LeBow College,Philadelphia | Philadelphia
Lee Business School,,,http://business.unlv.edu/,No,Lee Business,Las Vegas | Las Vegas
La Salle School of Business,,,http://www.lasalle.edu/schoolofbusiness/,No,La Salle Scho,Philadelphia | Philadelphia
KU School of Business,,,http://www.business.ku.edu/,No,KU School of,Lawrence | Lawrence
Leavey School of Business,,,http://www.scu.edu/business/,No,Leavey School,Santa Clara | Santa Clara
Krannert School of Management,,,http://www.krannert.purdue.edu/,No,Krannert Scho,West Lafayette | West Lafayette
Kogod School of Business,,,http://www.american.edu/kogod/,No,Kogod School,Washington | Washington
King Graduate School of Business,,,http://www.monroecollege.edu/king,No,King Graduate,Bronx | Bronx
Lally School of Management & Technology,,,http://lallyschool.rpi.edu/,No,Lally School,Troy | Troy
KIMEP University,,,http://www.kimep.kz/mba/,No,KIMEP University,Almaty | Almaty
Kellstadt Graduate School of Business,,,http://kellstadt.depaul.edu/,No,Kellstadt Gra,Chicago | Chicago
Keystone Success,,,http://keystonesuccess.com,No,Keystone Success,Oude Wetering | Oude Wetering
Kent State University College of Business Administration and Graduate Programs Office,,,http://www.kent.edu/business/,No,Kent State Un,Kent | Kent
Kellogg School of Management,,,http://www.kellogg.northwestern.edu/,No,Kellogg Schoo,Evanston | Evanston
Kean University College of Business & Public Administration,,,http://www.kean.edu/~cbpa/Welcome.html,No,Kean Universi,Union | Union
JWU College of Business,,,http://www.jwu.edu/business/,No,JWU College o,Providence | Providence
Kelley School of Business,,,http://kelley.iu.edu/,No,Kelley School,Bloomington | Bloomington
Jump 22,,,http://jump22.co.za,No,Jump 22,Cape Town | Cape Town
Joseph M. Katz Graduate School of Business,,,http://www.business.pitt.edu/index.php,No,Joseph M. Kat,Pittsburgh | Pittsburgh
Kania School of Management,,,http://elearning.scranton.edu/mba/online-mba-programs,No,Kania School,Scranton | Scranton
Jon M. Huntsman School of Business,,,http://huntsman.usu.edu/,No,Jon M. Huntsm,Logan | Logan
John L. Grove College of Business,,,http://www.ship.edu/business/,No,John L. Grove,Shippensburg | Shippensburg
Kelley College of Business,,,http://www.hsutx.edu/academics/kelley,No,Kelley Colleg,Abilene | Abilene
John H. Sykes College of Business,,,http://www.ut.edu/business/,No,John H. Sykes,Tampa | Tampa
John H. Goddard School of Business & Economics,,,http://www.weber.edu/SBE,No,John H. Godda,Utah  84408-3801 | Utah  84408-3801
John Cook School of Business,,,http://business.slu.edu/,No,John Cook Sch,St. Louis | St. Louis
J. Mack Robinson College of Business,,,http://robinson.gsu.edu/index.html,No,J. Mack Robin,Atlanta | Atlanta
Jesse H. Jones Graduate School of Management,,,http://business.rice.edu/,No,Jesse H. Jone,Houston | Houston
John F. Welch College of Business,,,http://www.sacredheart.edu/academics/johnfwelchcollegeofbusiness/,No,John F. Welch,Fairfield | Fairfield
JMU College of Business,,,http://www.jmu.edu/cob/,No,JMU College o,Harrisonburg | Harrisonburg
Jesse H. Jones School of Business,,,http://www.tsu.edu/academics/colleges__schools/Jesse_H_Jones_School_of_Business/,No,Jesse H. Jone,Houston | Houston
Jay S. Sidhu School of Business and Leadership,,,http://www.wilkes.edu/pages/374.asp,No,Jay S. Sidhu,Wilkes-Barre | Wilkes-Barre
Jackson State University College of Business,,,http://www.jsums.edu/business/,No,Jackson State,Jackson | Jackson
James M. Hull College of Business,,,http://hull.aug.edu/,No,James M. Hull,Augusta | Augusta
Isenberg School of Management,,,http://www.isenberg.umass.edu/,No,Isenberg Scho,Amherst | Amherst
International University of Japan Graduate School of International Managment,,,http://gsim.iuj.ac.jp/,No,International,Kokusai-cho Minami Uonuma-shi
Iowa State College of Business,,,http://www.business.iastate.edu/,No,Iowa State Co,Ames | Ames
International Institute for Learning Inc.,,,http://iil.com/leansixsigma,No,International,New York
Idaho State University College of Business,,,http://isu.edu/cob/,No,Idaho State U,Pocatello | Pocatello
IE Business School,,,,No,IE Business S,Madrid SPAIN | Madrid SPAIN
Hult International Business School,,,http://www.hult.edu/,No,Hult Internat,Cambridge | Cambridge
Huizenga Business School,,,http://www.huizenga.nova.edu/,No,Huizenga Busi,Fort Lauderdale-Davie | Fort Lauderdale-Davie
Illinois State University College of Business,,,http://business.illinoisstate.edu/,No,Illinois Stat,Normal | Normal
Lynda,,,,No,Lynda | Animation | Maya,Hampshire | Hampshire | You study this on your computer
Henry W. Bloch School of Business and Public Administration,,,http://bloch.umkc.edu/,No,Henry W. Bloc,Kansas City | Kansas City
HHL Leipzig Graduate School of Management,,,http://www.hhl.de/nc/en/,No,HHL Leipzig G,Leipzig | Leipzig
Haworth College of Business,,,http://www.wmich.edu/business/,No,Haworth Colle,Kalamazoo | Kalamazoo
Harvard Business School,,,http://www.hbs.edu/Pages/default.aspx,No,Harvard Busin,Boston | Boston
Hamline University School of Business,,,http://www.hamline.edu/business/,No,Hamline Unive,Saint Paul | Saint Paul
Hankamer School of Business,,,http://www.baylor.edu/business/,No,Hankamer Scho,Waco | Waco
Harvard Extension School,,,http://www.extension.harvard.edu/,No,Harvard Exten,Cambridge MA United States | Cambridge MA United States | Cambridge MA United States
Hagan School of Business,,,http://www.iona.edu/academic/hagan/,No,Hagan School,New Rochelle | New Rochelle
Governors State University College of Business and Public Administration,,,http://www.govst.edu/cbpa/,No,Governors Sta,University Park | University Park
Haas School of Business,,,http://www.haas.berkeley.edu/,No,Haas School o,Berkeley | Berkeley
Graziadio School of Business and Management,,,http://bschool.pepperdine.edu/,No,Graziadio Sch,Los Angeles | Los Angeles
Georgia Southern University College of Business Administration (,,,http://coba.georgiasouthern.edu/,No,Georgia South,Statesboro | Statesboro
George Washington School of Business,,,http://business.gwu.edu/,No,George Washin,
Graham School of Continuing Liberal and Professional Studies,,,https://grahamschool.uchicago.edu,No,Graham School,Chicago | Chicago
Goizueta Business School,,,http://goizueta.emory.edu/,No,Goizueta Busi,Atlanta | Atlanta
Georgia Institute of Technology,,,http://scheller.gatech.edu,No,Georgia Insti,Atlanta | Atlanta
Gatton College of Business and Economics,,,http://gatton.uky.edu/,No,Gatton Colleg,Lexington | Lexington
George L. Argyros School of Business and Economics,,,http://www.chapman.edu/asbe/index.aspx,No,George L. Arg,Orange | Orange
George Fox University School of Management,,,http://www.georgefox.edu,No,George Fox Un,Newberg | Newberg
F.W. Olin Graduate School of Business,,,http://www.babson.edu/graduate/Pages/home.aspx,No,F.W. Olin Gra,Babson Park | Babson Park
Frank G. Zarb School of Business,,,http://www.hofstra.edu/Academics/Colleges/Zarb/index.html,No,Frank G. Zarb,Hempstead | Hempstead
Freeman School of Business,,,http://www.freeman.tulane.edu/,No,Freeman Schoo,New Orleans | New Orleans
Fordham University Graduate School of Business,,,http://www.bnet.fordham.edu/,No,Fordham Unive,New York | New York
Fox School of Business,,,http://www.fox.temple.edu/,No,Fox School of,Philadelphia | Philadelphia
Florida State University College of Business,,,http://www.cob.fsu.edu/,No,Florida State,Tallahassee | Tallahassee
Florida International University Chapman Graduate School of Business,,,http://imba.fiu.edu,No,Florida Inter,Miami
Fogelman College of Business and Economics,,,http://www.memphis.edu/fcbe/,No,Fogelman Coll,Memphis | Memphis
Foster College of Business Administration,,,http://www.bradley.edu/academic/colleges/fcba/,No,Foster Colleg,Peoria | Peoria
Florida International University College of Business,,,http://business.fiu.edu/,No,Florida Inter,Miami | Miami
IPAG Business School,,,,No,IPAG Business,Paris France | Paris France | Paris France
City University London Cass Business School,,,,No,City Universi,London
GLOBALCADEMY.COM,,,http://www.globalcademy.com/course/salary-negotiation/,No,Architecture Building &amp; Planning | North America | Europe | Marketing &amp; Sales | Accountancy &amp; Finance | Scotland | North East | North West | South West | West Midlands | Business &amp; Management,Online | Online
LIVERPOOL JOHN MOORES UNIVERSITY,,0151 231 5090,https://www.ljmu.ac.uk/study/courses/postgraduates/pgde-design-technology,No,Animal &amp; Agriculture | Architecture Building &amp; Planning | Accountancy &amp; Finance | Sport &amp; Fitness | Geography Environment &amp; Sustainability | Languages &amp; Literature | Art &amp; Design | Social Sciences &amp; Humanities | Marketing &amp; Sales | Media &amp; Journalism | Maths &amp; Science | Law | Medicine &amp; Health | Travel &amp; Hospitality | Performing Arts | Liverpool | North West | Business &amp; Management,Liverpool | Liverpool Business School | Liverpool School of Art and Design | School of Education | Built Environment | Engineering Technology and Maritime Operations | Distance learning | Nursing and Allied Health | Natural Sciences and Psychology | Faculty of Engineering and Technology | School of Law | Sport and Exercise Sciences | Liverpool Screen School | Centre for Public Health | Sport Studies Leisure and Nutrition | Humanities and Social Science | Computing and Mathematical Sciences | Astrophysics Research Institute | Pharmacy and Biomolecular Sciences | Sport Studies Leisure and Nutrition
UNIVERSITY OF CENTRAL LANCASHIRE,,01772 892400,http://www.uclan.ac.uk/courses/ma_creative_thinking.php,No,Social Sciences &amp; Humanities | Law | Art &amp; Design | Sport &amp; Fitness | Medicine &amp; Health | Languages &amp; Literature | Geography Environment &amp; Sustainability | Marketing &amp; Sales | Media &amp; Journalism | Maths &amp; Science | Travel &amp; Hospitality | Performing Arts | Accountancy &amp; Finance | Architecture Building &amp; Planning | Wales | Preston | North West | Business &amp; Management | Lancaster,Preston | Online | Distance learning | Tyn Dwr | Burnley | Burnley
ESCP EUROPE,,+44 (0)20 7443 8854,https://ad.doubleclick.net/ddm/clk/304017227;131357060;n,No,Animal &amp; Agriculture | Europe | Business &amp; Management,London &amp; Paris | London &amp; Paris
COVENTRY UNIVERSITY,,+44 (0) 24 7765 2222,main,No,Media &amp; Journalism | Medicine &amp; Health | Languages &amp; Literature | Social Sciences &amp; Humanities | Geography Environment &amp; Sustainability | Marketing &amp; Sales | Maths &amp; Science | Law | Sport &amp; Fitness | Travel &amp; Hospitality | Performing Arts | West Midlands,Coventry | Coventry
SOUTHAMPTON SOLENT,,,http://www.solent.ac.uk/courses/2016/postgraduate/personnel-and-development-ma/course-details.aspx,No,Media &amp; Journalism | Sport &amp; Fitness | Languages &amp; Literature | Geography Environment &amp; Sustainability | Marketing &amp; Sales | Maths &amp; Science | Law | Medicine &amp; Health | Travel &amp; Hospitality | Performing Arts | Accountancy &amp; Finance | Southampton | South East | Business &amp; Management,Southampton | Southampton
UNIVERSITY OF LINCOLN,,01522 886644,http://www.lincoln.ac.uk/home/course/INTTOUUB,No,Travel &amp; Hospitality | Medicine &amp; Health | Sport &amp; Fitness | Performing Arts | Languages &amp; Literature | Marketing &amp; Sales | Media &amp; Journalism | Maths &amp; Science | Law | Social Sciences &amp; Humanities | Lincoln,Lincoln | Distance learning
UNIVERSITY OF BRIGHTON,,,ug_guardian_course_profile,No,Architecture Building &amp; Planning | Accountancy &amp; Finance | Sport &amp; Fitness | Geography Environment &amp; Sustainability | Languages &amp; Literature | Art &amp; Design | Social Sciences &amp; Humanities | Marketing &amp; Sales | Media &amp; Journalism | Maths &amp; Science | Law | Medicine &amp; Health | Travel &amp; Hospitality | South East | Business &amp; Management,Brighton: Moulsecoomb | Brighton: Eastbourne | Eastbourne | Hastings | Brighton: Falmer | Brighton: Grand Parade | Brighton: Hastings | Falmer and the University of Sussex | Up to 3 European locations 1 sem in Eastbourne | Brighton: Falmer and a host school | Brighton | Brighton Falmer campus | Distance learning | Moulsecoomb | Brighton: Falmer and Hastings | Brighton: Falmer and Moulsecoomb | Falmer | Grand Parade and Lighthouse Brighton | Brighton: Falmer and Eastbourne | Up to 3 European locations 1 sem in Eastbourne
PLYMOUTH COLLEGE OF ART,,,http://www.plymouthart.ac.uk/courses/our-masters-programmes/,No,Media &amp; Journalism | Marketing &amp; Sales | Art &amp; Design | South West | Plymouth,Plymouth | Plymouth
CHARTERED INSTITUTE OF MANAGEMENT ACCOUNTANTS,,+44 (0) 20 8849 2251,http://www.cimaglobal.com/uk,No,Accountancy &amp; Finance | Business &amp; Management,London | London
UNIVERSITY OF GRONINGEN,,+31 50 363 3508,http://ucg@rug.nl,No,Maths &amp; Science | Social Sciences &amp; Humanities,Groningen Netherlands | Groningen Netherlands | Groningen Netherlands
EDINBURGH UNIVERSITY,,+44 (0)131 651 3064/5074,spsPG,No,Europe | Accountancy &amp; Finance | Scotland | Edinburgh,Edinburgh | Edinburgh Scotland UK | Edinburgh Scotland UK | Edinburgh Scotland UK
UNIVERSITY OF BRISTOL LAW SCHOOL,,+44 (0) 117 954 5225,http://www.bristol.ac.uk/study/postgraduate/apply/,No,Languages &amp; Literature | Law | South West | Business &amp; Management,Bristol | Bristol
THE ENGLISH TEACHER TRAINING COLLEGE OF AUSTRIA,,07614 51400 18,http://www.english-teacher-college.at,No,Europe,Austria
UNIVERSITY OF VIENNA,,(+43) 1 4277 24101,http://www.sprachenzentrum.at,No,Europe,Vienna
AVO LANGUAGE AND EXAMINATION CENTRE,,+ 359 2 943 3 943,http://www.teflcertificates-avo.com/en/celta-calendar,No,Europe | Languages &amp; Literature,Sofia Bulgaria | Sofia Bulgaria | Sofia Bulgaria
UNIVERSITY OF LEICESTER,,+44 (0)116 252 2903,https://le.ac.uk/courses/the-country-house-ma-dl,No,Accountancy &amp; Finance | Geography Environment &amp; Sustainability | Art &amp; Design | Social Sciences &amp; Humanities | Architecture Building &amp; Planning | Business &amp; Management | Architecture Building &amp; Planning,Distance learning | Distance learning
ASTON UNIVERSITY,,,http://www.aston.ac.uk,No,Accountancy &amp; Finance | Languages &amp; Literature | Art &amp; Design | Social Sciences &amp; Humanities | Marketing &amp; Sales | Maths &amp; Science | Law | Medicine &amp; Health | Travel &amp; Hospitality | Business &amp; Management,Birmingham | Online | Online
LONDON SCHOOL OF BUSINESS &amp; FINANCE,,,2000,No,Accountancy &amp; Finance | Business &amp; Management,London | Online | Online
STUDY INTERACTIVE,,,317,No,Accountancy &amp; Finance | Business &amp; Management,Online | Online
CASE EUROPE,,,,No,Europe,The Queens Hotel Leeds | Square Meeting Centre Brussels | Square Meeting Centre Brussels
UNIVERSITY OF SURREY,,,International+Tourism+Management,No,Medicine &amp; Health | Languages &amp; Literature | Social Sciences &amp; Humanities | Marketing &amp; Sales | Media &amp; Journalism | Maths &amp; Science | Law | Sport &amp; Fitness | Travel &amp; Hospitality | Performing Arts | Surrey | South East,Guildford Surrey | Guildford Surrey | Guildford Surrey
UNIVERSITY OF PORTSMOUTH,,+44 (0)23 9284 2421,http://www.port.ac.uk/courses/art-and-design/ma-graphic-design/,No,Art &amp; Design | Portsmouth | South East,Portsmouth | Portsmouth
NEW SKILLS ACADEMY,,,http://www.click4recruitment.com/gjobs1,No,Accountancy &amp; Finance | North West | Liverpool | North East | Gateshead,Online | Available in over 20 locations across the UK | Nationwide | Nationwide
INTERACTIVE DESIGN INSTITUTE,,+44 (0) 1317779321,http://bit.ly/1Ksa9jK,No,Art &amp; Design,Online | Online
EDINBURGH UNIVERSITY: COLLEGE OF ART,,+44 (0)131 650 4086,ECAPG2016,No,Art &amp; Design | Architecture Building &amp; Planning | Scotland | Edinburgh,Online | Edinburgh | Edinburgh
ROYAL HOLLOWAY UNIVERSITY OF LONDON,,,https://www.royalholloway.ac.uk/psychology/coursefinder/bscpsychologyclinicalandcognitiveneuroscience.aspx,No,Geography Environment &amp; Sustainability | Languages &amp; Literature | Social Sciences &amp; Humanities | Marketing &amp; Sales | Media &amp; Journalism | Maths &amp; Science | Law | Medicine &amp; Health | Performing Arts | Surrey | South East,London | London
SOAS,,,http://www.soas.ac.uk/admissions/pg,No,Languages &amp; Literature | Law | Art &amp; Design | Social Sciences &amp; Humanities,Central London | Central London
UNIVERSITY OF ESSEX ONLINE,,0800 0527 526,pg%20business,No,Marketing &amp; Sales | Law | Accountancy &amp; Finance | Business &amp; Management,Online | Online
DE BROC,,,1197,No,Marketing &amp; Sales,London Leeds or Birmingham | London Leeds or Birmingham | London Leeds or Birmingham
LONDON COLLEGE OF CONTEMPORARY ARTS,,,877,No,Marketing &amp; Sales | Business &amp; Management,London | London
LONDON METROPOLITAN UNIVERSITY,,,listings,No,Art &amp; Design | Accountancy &amp; Finance | Architecture Building &amp; Planning | Business &amp; Management,Aldgate London | Holloway London | London | Distance learning | Moorgate London | Moorgate London | Moorgate London
NEWCASTLE UNIVERSITY,,,,No,Art &amp; Design | North East | Newcastle,Newcastle | Newcastle
UNIVERSITY OF BUCKINGHAM,,,http://www.buckingham.ac.uk/ humanities/ma/decorativearts,No,Art &amp; Design,London | London
PLYMOUTH UNIVERSITY,,01752 585858,https://www.plymouth.ac.uk/ugopenday,No,Medicine &amp; Health | South West | Plymouth,Plymouth | Plymouth
UNIVERSITY OF DERBY ONLINE LEARNING,,+44 (0)1332 593701,UDOL_The_Guardian_2015_16,No,Medicine &amp; Health | Accountancy &amp; Finance | Business &amp; Management,Online | Online
HOME LEARNING COLLEGE,,,tsid:75619|cgn:Guardian|kw:Accounting,No,Accountancy &amp; Finance,Online | Online
IMPERIAL COLLEGE BUSINESS SCHOOL,,020 3002 5738,guardia-imp-courselist,No,Accountancy &amp; Finance | Business &amp; Management,London | Online | Online
UDEMY,,,E0IeeFhTQ3kDSRlxX1dYfAheGndOU0B2BEURclxA,No,Accountancy &amp; Finance,Online | Online
FILTERED,,020 3819 7782,http://filtered.com,No,Accountancy &amp; Finance,Online | Online
INTERNATIONAL CAREER INSTITUTE,,,5503957,No,Accountancy &amp; Finance,Online | Online
SKILLSOLOGY,,020 3322 5962,https://skillsology.com/home/pages/guardian-offers,No,Accountancy &amp; Finance,Online | Online
THE LONDON ACADEMY OF TRADING,,,1188,No,Accountancy &amp; Finance,See provider&#39;s site | Online or campus | Refer to provider site | London | London
ICAEW,,+44 (0)1908 248 250,http://icaew.com/studycfab,No,Accountancy &amp; Finance,Online | Online
CITY UNIVERSITY LONDON,,+44 (0)20 7040 0249,http://www.city.ac.uk/economics,No,Accountancy &amp; Finance,London | London
UNIVERSITY OF SOUTH WALES,,,information-fair,No,Wales | Pontypridd,South Wales | South Wales
SHEFFIELD HALLAM UNIVERSITY,,,,No,Sheffield,Sheffield
EXPERIENCE ENGLISH,,+44 (0) 208 939 0402,http://www.experienceenglish.com/our-courses/delta,No,Manchester | North West | Scotland | Edinburgh,Manchester | Hampstead (London) Edinburgh Manchester and York | Hampstead (London) Edinburgh Manchester and York
UNIVERSITY OF SALFORD,,+44 (0)161 295 4545,http://www.salford.ac.uk/nursing,No,North West | Salford,Salford | Salford
GORDON INSTITUTE OF BUSINESS SCIENCE,,+27(0) 11 771 4326,http://www.gibs.co.za/boa1601,No,Africa,South Africa Kenya and Nigeria
West Texas A&M University College of Business,,,http://www.wtamu.edu/academics/general-business-grad-program.aspx,No,West Texas A&amp;,Canyon
University of South Florida St. Petersburg College of Business,,,,No,University of,St Petersburg
University of Massachusetts Dartmouth Charlton College of Business,,,http://www.umassd.edu/charlton/,No,University of,North Dartmouth
University at Buffalo The State University of New York School of Management,,,http://www.mgt.buffalo.edu,No,University at,Buffalo
University of Central Florida College of Business Administration,,,http://www.bus.ucf.edu/,No,University of,Orlando
UCLA Anderson School of Management University of California Los Angeles,,,http://www.anderson.ucla.edu,No,UCLA Anderson,Los Angeles
Universita de Pisa Business School,,,http://www.unipi.it/index.php/english,No,Universita de,Pisa Italy
The University of Texas at El Paso College of Business Administration,,,http://www.mba.utep.edu,No,The Universit,El Paso
The University of Tennessee Martin,,,http://www.utm.edu/departments/mba/,No,The Universit,Martin Tennessee USA
The Joseph A. Butt S.J. College of Business Loyola University New Orleans,,,http://www.business.loyno.edu/,No,The Joseph A.,New Orleans
Rotterdam School of Management Erasmus University (RSM),,,http://www.rsm.nl/execed
http://www.rsm.nl/mcc,No,Rotterdam Sch,Rotterdam
Portland State University School of Business Administration,,,http://www.mba.pdx.edu,No,Portland Stat,Oregon Portland
Peking University Guanghua School of Management,,,http://mba.pku.edu.cn/english,No,Peking Univer,Beijing
Northern Michigan University College of Business,,,http://www.nmu.edu/mba,No,Northern Mich,Marquette MI
Millsaps College Else School of Management,,,http://www.mba.millsaps.edu/,No,Millsaps Coll,Jackson
Maastricht University School of Business and Economics,,,http://www.maastrichtuniversity.nl/web/Faculties/SBE/TargetGroup/Education/Professionals/MBAProgrammes.htm,No,Maastricht Un,Maastricht the Netherlands
International Institute for Learning Inc.,,,http://iil.com/leansixsigma,No,International,New York
International University of Japan Graduate School of International Managment,,,http://gsim.iuj.ac.jp/,No,International,Kokusai-cho Minami Uonuma-shi
Florida International University Chapman Graduate School of Business,,,http://imba.fiu.edu,No,Florida Inter,Miami
City University London Cass Business School,,,,No,City Universi,London
Northern Michigan University College of Business,,,http://www.nmu.edu/mba,No,Northern Mich,Marquette MI
Millsaps College Else School of Management,,,http://www.mba.millsaps.edu/,No,Millsaps Coll,Jackson
Maastricht University School of Business and Economics,,,http://www.maastrichtuniversity.nl/web/Faculties/SBE/TargetGroup/Education/Professionals/MBAProgrammes.htm,No,Maastricht Un,Maastricht the Netherlands
International University of Japan Graduate School of International Managment,,,http://gsim.iuj.ac.jp/,No,International,Kokusai-cho Minami Uonuma-shi
International Institute for Learning Inc.,,,http://iil.com/leansixsigma,No,International,New York
Florida International University Chapman Graduate School of Business,,,http://imba.fiu.edu,No,Florida Inter,Miami
City University London Cass Business School,,,,No,City Universi,London
Northern Michigan University College of Business,,,http://www.nmu.edu/mba,No,Northern Mich,Marquette MI
Millsaps College Else School of Management,,,http://www.mba.millsaps.edu/,No,Millsaps Coll,Jackson
Maastricht University School of Business and Economics,,,http://www.maastrichtuniversity.nl/web/Faculties/SBE/TargetGroup/Education/Professionals/MBAProgrammes.htm,No,Maastricht Un,Maastricht the Netherlands
International University of Japan Graduate School of International Managment,,,http://gsim.iuj.ac.jp/,No,International,Kokusai-cho Minami Uonuma-shi
International Institute for Learning Inc.,,,http://iil.com/leansixsigma,No,International,New York
Florida International University Chapman Graduate School of Business,,,http://imba.fiu.edu,No,Florida Inter,Miami
ON PURPOSE,,0203 774 8654,http://onpurpose.uk.com/,No,Business &amp; Management,London
UNIVERSITY OF HERTFORDSHIRE,,+44 (0) 1707 284800,https://ad.doubleclick.net/ddm/clk/302332229;129400727;t,No,Business &amp; Management | Hatfield,University of Hertfordshire de Havilland campus | University of Hertfordshire de Havilland campus | University of Hertfordshire de Havilland campus
UNIVERSITY OF OXFORD DEPARTMENT FOR CONTINUING EDUCATION,,,,No,Archaeology | Landscape Archaeology | Archaeological Practice | Middle Eastern Archaeology | Funerary Archaeology | Greek Archaeology | Writing | Script Writing | Biography Writing | Non-Fiction Writing,Oxford OX1 2JA | You study this on your computer | Reading RG1 5AQ | Oxford OX1 2JA | Oxford OX1 2JA
Bharatiya Vidya Bhavan,,,,No,Archaeology | Asian Archaeology,London W14 9HE
Oxford Learning College,,,,No,Archaeology | Roman Archaeology | Middle Eastern Archaeology,This is a distance learning course | You study this on your computer
Aberystwyth University,,,,No,Antique Collecting | Book Conservation,Newtown SY16 3PW
Mary Ward Centre,,,,No,Archaeology | Archaeology Of Cultures | Writing | Travel Writing | Biography Writing | Non-Fiction Writing | Web design | Dreamweaver,London WC1N 3AQ | London WC1V 7JU | London WC1N 3AQ | London WC1N 3AQ
UK Learning College,,,,No,Animation | Maya,You study this on your computer
Travel Writing Workshops,,,,Yes,Writing | Travel Writing,London SE17 3WF
New Writing South,,,,No,Writing | Writing For Radio,Brighton BN1 1UT
Bristol Folk House Co-Operative,,,,No,Writing | Travel Writing | Script Writing,Bristol BS1 5JG | Bristol BS1 5JG
CITY LIT,,,,No,Writing | Typography | Travel Writing | Writing For Newspapers | Antique Collecting | Book Conservation | Archaeology | Middle Eastern Archaeology | Greek Archaeology | Paleography | Print & Publishing | Script Writing | Publishing | Screenplay Writing | Academic Writing | Comedy Writing | Web design | All Web design,London WC2B 4BA | London WC2B 4BA | London WC2B 4BA
OFCOURSE LEARNING LTD,,,http://ofcourse.co.uk/?p=4028,Yes,Writing | Travel Writing | Publishing | Web design | All Web design,You study this on your computer | You study this on your computer
West Dean College,,,,No,Writing | Travel Writing | Writing For Newspapers,Chichester PO18 0QZ | Chichester PO18 0QZ
The Travel Writing Workshop,,,,Yes,Writing | Travel Writing,London W1T 6AQ
Arvon Foundation,,,,No,Writing | Writing For Radio | Writing For Children | Screenplay Writing | Short Story Writing | Comedy Writing | Biography Writing | Non-Fiction Writing,Beaworthy EX21 5NS | Hebden Bridge HX7 6DF | Craven Arms SY7 0JA | Craven Arms SY7 0JA | Hebden Bridge HX7 6DF
Kingston Adult Education,,,,No,Writing | Writing For Children,Surbiton KT5 9AL
Richmond Adult Community College,,,,No,Writing | Writing For Children | Writing For Newspapers | Comedy Writing | Biography Writing | Web design | Apps,Richmond TW9 2RE | Richmond TW9 2RE | Richmond TW9 2RE
eDistance Learning,,,,Yes,Writing | Writing For Children | Archaeology | Middle Eastern Archaeology | Proof Reading,This is a distance learning course | You study this on your computer
SOUTH THAMES COLLEGE,,,,No,Writing | Writing For Children,London SW18 2PP
Write Story Books For Children,,,,Yes,Writing | Writing For Children,You study this on your computer
Study Smart Online,,,,Yes,Writing | Writing For Newspapers | Technical Authorship | Proof Reading | Biography Writing,You study this on your computer | You study this on your computer
Stonebridge Associated Colleges,,,,No,Writing | Writing For Newspapers | Web design | Dreamweaver,You study this on your computer | You study this on your computer
VITA Online training & education,,,,Yes,Writing | Writing For Newspapers,You study this on your computer
Online Learning Academy,,,,Yes,Writing | Writing For Newspapers,This is a distance learning course
ContentETC,,,,Yes,Writing | Writing For Newspapers,You study this on your computer
KENT ADULT EDUCATION,,,,No,Writing | Writing For Newspapers | Publishing | Short Story Writing | Biography Writing | Web design | Apps,Broadstairs CT10 2BS | Tunbridge Wells TN1 1LS | Canterbury CT2 8QA | Canterbury CT1 2RA | Maidstone ME14 1LH
Henshall Centre Limited,,,,Yes,Writing | Writing For Newspapers,London EC1R 5EN
London College of Communication University of the Arts London,,,,No,Writing | Writing For Newspapers,Southwark SE1 6SB
Cadcourses,,,,Yes,Animation | Maya,You study this on your computer
COURSES FOR SUCCESS,,,,Yes,Animation | Maya | Writing | Screenplay Writing | Text Formatting | Technical Authorship | Editorial | Web design | Dreamweaver | Apps,You study this on your computer | You study this on your computer
Writers Bureau (The),,,,Yes,Writing | Writing For Newspapers | Proof Reading | Biography Writing | Non-Fiction Writing,This is a distance learning course | This is a distance learning course
Escape Studios,,,,No,Animation | Maya,Hammersmith And Fulham W14 0DA
Learning247,,,,Yes,Animation | Maya | Web design | Dreamweaver | Apps,This is a distance learning course | You study this on your computer
Downie Allison Downie Ltd,,,,Yes,Antique Collecting | Book Conservation,Glasgow G11 6AF
Morley College London,,,,No,Antique Collecting | Book Conservation | Writing | Biography Writing,London SE1 7HT | London SE1 7HT
Chelsea College of Arts University of the Arts London,,,,No,Antique Collecting | Book Conservation,Westminster SW1P 4JU
Academy Class,,,,No,Animation | Maya | Web design | Dreamweaver | Apps,You study this on your computer | You study this on your computer
College of Management Science,,,,Yes,Archaeology | Archaeological Practice,This is a distance learning course
Ancientegyptamania,,,,Yes,Archaeology | Middle Eastern Archaeology,London SW5 9JF
Sia Academy,,,,Yes,Archaeology | Middle Eastern Archaeology,London SE24 9LF
THE LEARNING CENTRE BEXLEY,,,,No,Archaeology | Middle Eastern Archaeology | Writing | Publishing,Sidcup DA14 6EN | Sidcup DA14 6EN
New College Swindon,,,,No,Archaeology | Middle Eastern Archaeology,Swindon SN3 1AH
DACE Department of Adult Continuing Education Swansea University,,,,No,Archaeology | Middle Eastern Archaeology,Swansea SA2 8PP
UK Online Courses,,,,Yes,Archaeology | Middle Eastern Archaeology,You study this on your computer
Bloomsbury Summer School,,,,No,Archaeology | Paleography,Camden WC1E 6BT
Workers Educational Association (WEA),,,,No,Archaeology | Roman Archaeology | Writing | Publishing,Great Missenden HP16 0AU | Truro TR1 3AY
londonprintstudio,,,,No,Writing | Text Formatting | Screenprinting,London W10 4RE | London W10 4RE
Central College Nottingham,,,,No,Writing | Text Formatting,Nottingham NG1 6AB
International Career Institute,,,,No,Writing | Text Formatting,This is a distance learning course
London College of Communication University of the Arts London,,,,No,Writing | Screenprinting,Southwark SE1 6SB
Rosetta Art Centre,,,,No,Writing | Screenprinting,London E15 3AE
Bishopsgate Institute,,,,No,Writing | Screenplay Writing | Short Story Writing | Print & Publishing,London EC2M 4QH | London EC2M 4QH | London EC2M 4QH
Leicester College,,,,No,Writing | Print Finishing | Print Administration,Leicester LE1 3WL | Leicester LE1 3WL
Cherryleaf Limited,,,,No,Writing | Technical Authorship,You study this on your computer
London College of Contemporary Arts,,,,No,Writing | Print & Publishing,London EC1N 2LL
E-CAREERS,,,,No,Writing | Print & Publishing | Publishing | Web design | Apps | All Web design,You study this on your computer | You study this on your computer
WMC - The Camden College,,,,No,Writing | Print & Publishing | Academic Writing | Web design | All Web design,London NW5 2QL | London NW1 1TR | London NW1 1TR
Putney School Of Art And Design,,,,No,Writing | Print & Publishing | Web design | All Web design,London SW15 2LQ | London SW15 2LQ
Learning With Experts - Online Courses,,,,Yes,Writing | Print & Publishing,You study this on your computer
London College of Communication University of the Arts London,,,,No,Writing | Print & Publishing,Southwark SE1 6SB
London College of Communication University of the Arts London,,,,No,Writing | Print Administration,Southwark SE1 6SB
ACADEMY TRAINING SOLUTIONS,,,,Yes,Writing | Proof Reading,Camberley GU15 3HL
Tfs Training Consultants Limited,,,,No,Writing | Proof Reading,Chester CH66 8PF
Online Training College,,,,No,Writing | Proof Reading,You study this on your computer
Certitec Limited,,,,No,Writing | Print Administration | Web design | Dreamweaver,Cardiff CF24 0EB | Bristol BS1 4DJ | London WC2E 9RZ | Bristol BS1 4DJ | London WC2E 9RZ | Cardiff CF24 0EB
London College of Communication University of the Arts London,,,,No,Writing | Proof Reading,Southwark SE1 6SB
NCC Home Learning,,,,Yes,Writing | Proof Reading,This is a distance learning course
Learn Now Distance Learning College,,,,Yes,Writing | Proof Reading | Narrative Prose Writing | Web design | Dreamweaver,This is a distance learning course | This is a distance learning course
21st Century New Media Ltd,,,,No,Writing | Script Writing,St. Albans AL2 1PD
London College of Communication University of the Arts London,,,,No,Writing | Print Technology,Southwark SE1 6SB
CRS Academy Ltd,,,,Yes,Writing | Publishing,You study this on your computer
Man and Machine,,,,No,Writing | Publishing,Thame OX9 3RR
Blue Mountain Training Solution,,,,Yes,Writing | Publishing,You study this on your computer
G Com Solutions Ltd,,,,No,Writing | Publishing,Can be taught anywhere in United Kingdom. Contact course provider to agree precise meeting place.
Barnet & Southgate College,,,,No,Writing | Publishing,You study this on your computer
Digital Training Room,,,,Yes,Writing | Publishing | Web design | Dreamweaver,Ipswich IP4 2DD | Ipswich IP4 2DD
Chelsea College of Arts University of the Arts London,,,,No,Writing | Publishing,Westminster SW1P 4JU
SMART Majority,,,,Yes,Writing | Publishing | Screenplay Writing,You study this on your computer | You study this on your computer
Creative Short Courses at Nottingham Trent University,,,,No,Writing | Publishing,Nottingham NG1 4GH
London College of Fashion University of the Arts London,,,,No,Writing | Publishing,Westminster W1G 0BJ
London Film Academy,,,,No,Writing | Screenplay Writing,London SW6 1QR
Live Learning Online,,,,No,Writing | Screenplay Writing,You study this on your computer
Dorset Centre for the Creative Arts,,,,No,Writing | Screenplay Writing,Dorchester DT1 3AR
Film Oxford,,,,No,Writing | Screenplay Writing,Oxford OX4 3AH
Blackford Centre,,,,Yes,Writing | Screenplay Writing,This is a distance learning course
THE CASS,,,,No,Writing | Screenplay Writing | Editorial,London E1 1LA | London E1 1LA
Adult Learning Lewisham,,,,No,Writing | Screenplay Writing,London SE23 1PR
Central Sussex College,,,,No,Writing | Screenplay Writing,East Grinstead RH19 1BG
Complete Creative Writing Course,,,,Yes,Writing | Screenplay Writing,London W1D 4QB
London Academy Of Media Film And TV,,,,Yes,Writing | Screenplay Writing,London NW1 1NA
Northamptonshire County Council Adult Learning Service,,,,No,Writing | Short Story Writing,Rushden NN10 9QJ
Goldsmiths University of London,,,,No,Writing | Short Story Writing,Lewisham SE14 6NW
Met Film School,,,,No,Writing | Screenplay Writing,Ealing W5 5EP
Open Study College,,,,No,Writing | Short Story Writing,This is a distance learning course
National Extension College,,,,No,Writing | Short Story Writing,This is a distance learning course
Kb Training,,,,No,Writing | Technical Writing,Can be taught anywhere in East Midlands. Contact course provider to agree precise meeting place.
Thames Barrier Print Studio,,,,No,Writing | Screenprinting,London SE18 5NR
Hastings Business Training,,,,Yes,Writing | Technical Authorship,St. Leonards-On-Sea TN37 6AJ
London College of Communication University of the Arts London,,,,No,Writing | Text Formatting,Southwark SE1 6SB
Centre of Excellence Online,,,,Yes,Writing | Narrative Prose Writing,You study this on your computer
WEBCREDIBLE LTD,,,,No,Writing | Editorial,Can be taught anywhere in England. Contact course provider to agree precise meeting place. | Can be taught anywhere in City Of London. Contact course provider to agree precise meeting place.
London Academy Of Media Film And TV,,,,Yes,Writing | Editorial,London NW1 1NA
North London School of English,,,,No,Writing | Academic Writing,London NW3 6EF
LC Education & Training Ltd,,,,No,Writing | Academic Writing,Can be taught anywhere in West Midlands. Contact course provider to agree precise meeting place.
Adl - Academy For Distance Learning,,,,No,Writing | Academic Writing,This is a distance learning course
Study Time,,,,No,Writing | Academic Writing,Edgware HA8 0EH
City University London,,,,No,Writing | Narrative Prose Writing | Non-Fiction Writing,City Of London EC1V 0HB | City Of London EC1V 0HB
Leeds English Language School,,,,No,Writing | Academic Writing,You study this on your computer
Lewisham Southwark College,,,,No,Writing | Academic Writing,London SE1 8LF
The Grange,,,,No,Writing | Biography Writing,Shanklin PO37 6AA
Northamptonshire County Council Adult Learning Service,,,,No,Writing | Biography Writing,Northampton NN6 8EH
Poetry School (The),,,,No,Writing | Biography Writing,You study this online but part of the course is taught in/at: Online<br />
DACE Department of Adult Continuing Education Swansea University,,,,No,Writing | Biography Writing,Swansea SA4 4QN
JW3 Jewish Community Centre,,,,Yes,Writing | Biography Writing,London NW3 6ET
SURREY ADULT LEARNING,,,,No,Writing | Non-Fiction Writing,Farnham GU9 7DR
Framework Training Ltd,,,,No,Web design | Web Application,London EC3N 1LS
XChange Training,,,,Yes,Web design | JavaScript,Manchester M1 2AP | London EC1M 4BH
NobleProg UK Ltd,,,,No,Web design | Web Application | Content Management Server,You study this on your computer | London W4 5YA
Bridgwater College,,,,No,Vehicle Maintenance | Panel Beating,Bridgwater TA6 4PZ
Silicon Beach Training,,,,No,Web design | Content Management Server,Brighton BN1 4AP
Paradox Training,,,,No,Web design | Fireworks,Can be taught anywhere in United Kingdom. Contact course provider to agree precise meeting place.
Anicca Academy,,,,Yes,Web design | All Web design,Leicester LE1 6RX
Keen IT,,,,Yes,Web design | Apps,You study this on your computer
SouthStep,,,,Yes,Web design | Apps,You study this on your computer
Robust IT Ltd,,,,Yes,Web design | Apps,You study this on your computer
HARROW COLLEGE,,,,No,Web design | Apps | Dreamweaver,Harrow HA1 3AQ | Harrow HA1 3AQ
City College,,,,Yes,Web design | Dreamweaver,You study this on your computer
Blake College,,,,No,Web design | Dreamweaver,London N4 3JB
Pitman Training (Wembley),,,,Yes,Web design | Dreamweaver,Wembley HA0 2AL
London College of Communication University of the Arts London,,,,No,Web design | Dreamweaver,Southwark SE1 6SB
MBIT TRAINING LTD,,,,Yes,Web design | Apps,Tewkesbury GL20 8SD
ERPTRAINER,,,,No,Web design | Apps,Can be taught anywhere in United Kingdom. Contact course provider to agree precise meeting place. | Harrow HA1 2XU
London IT Training,,,,Yes,Web design | Apps,Can be taught anywhere in United Kingdom. Contact course provider to agree precise meeting place.
Career Match Ltd,,,,Yes,Web design | Apps,You study this on your computer
IT ONLINE LEARNING,,,http://itonlinelearning.com/?p=2332,No,Web design | Apps,You study this on your computer
Absorb OnLine learning Ltd,,,http://www.absorbonlinelearning.com/?p=67585,No,Web design | All Web design,This is a distance learning course
College of Haringey Enfield and North East London,,,,No,Web design | Apps,Enfield EN3 5HA
Code Courses,,,,No,Web design | All Web design,London EC3N 1DD
Royal Statistical Society,,,,No,Web design | All Web design,Islington EC1Y 8LX
Training Dragon,,,,Yes,Web design | All Web design,London EC1N 8TS
Armada,,,,Yes,Web design | All Web design,Milton Keynes MK9 2AH | Bromsgrove B60 4AD
Aspect Training,,,,No,Web design | Fireworks,Can be taught anywhere in United Kingdom. Contact course provider to agree precise meeting place.
